workorder,date_time_opened,date_time_closed,registration,total_time,ata_code,problem,date,action,cluster,cluster_name
1116274,2012-10-11 13:51:00,2012-10-11 14:38:00,N512ND,8512.6,7100.0,"UPON LEVELING OFF AT 1600 FT, EXPERIENCED ENGINE ROUGHNESS. DURING DESCENT TO LANDING WHEN POWER WAS ADDED IT WAS DELAYED.",2012-10-11,"RAN A/C THROUGH VARIOUS POWER & MIXTURE SETTINGS, NO DEFECTS NOTED. COULD NOT DUPLICATE DISCREP.",c_24,engine run rough rough running misfire
1116907,2012-10-30 09:57:00,2012-10-30 14:30:00,N570ND,7027.700000000001,7710.0,"DURING LAST PORTION OF FLIGHT, EXPERIENCED ENGINE ROUGHNESS W/ RPM LOSS OF 30 RPM. NOTICED AT POWER GREATER THAN 2200 RPM.",2012-10-30,REPLACED TACH GENERATOR. COULD NOT DUPLICATE ENGINE ROUGHNESS. ENGINE RUN UP & INDICATION CHECK GOOD.,c_24,engine run rough rough running misfire
1117561,2012-11-19 09:30:00,2012-11-19 15:19:00,N566ND,7677.8,7420.0,#2 LWR SPARK PLUG MISFIRE (FOULED) ON RUN UP.,2012-11-19,OPS CK GOOD.,c_24,engine run rough rough running misfire
1117561,2012-11-19 09:30:00,2012-11-19 15:19:00,N566ND,7677.8,7420.0,#2 LWR SPARK PLUG MISFIRE (FOULED) ON RUN UP.,2012-11-19,"CLEAN, GAPPED, TESTED & INSTALLED PLUG.",c_24,engine run rough rough running misfire
1118535,2013-01-05 08:03:00,2013-01-05 12:34:00,N531ND,3414.2999999999997,7100.0,ROUGH RUNNING ENGINE.,2013-01-05,"RAN A/C, ENGINE RAN SMOOTH. COULD NOT DUPLICATE PROBLEM.",c_24,engine run rough rough running misfire
1119942,2013-02-15 14:23:00,2013-02-15 13:35:00,N531ND,3696.2999999999997,7100.0,ROUGH RUNNING ENGINE DURING TAXI.,2013-02-15,TAXIED A/C NOTING NO ENGINE ROUGHNESS.,c_24,engine run rough rough running misfire
1124066,2013-06-23 15:17:00,2013-06-23 13:44:00,N545ND,9067.4,7410.0,"DURING RUN UP, L/H MAG RAN ROUGH.",2013-06-23,"RAN A/C, CLEARED OFF SPARK PLUGS. OPS CHECK GOOD ON MAG DROPS & FOUND NO ENGINE ROUGHNESS.",c_24,engine run rough rough running misfire
1125021,2013-07-24 15:02:00,2013-07-24 13:40:00,N508ND,7511.099999999999,580.0,MAINTENANCE FLIGHT IS REQUIRED.,2013-07-24,"PERFORMED MX FLIGHT FOR ENGINE ROUGHNESS, OPS CHECK GOOD. COULD NOT DUPLICATE PROBLEM. ANDREW KUGLER 3469684 CFI 6/14.",c_24,engine run rough rough running misfire
1125598,2013-08-13 06:54:00,2013-08-13 13:19:00,N550ND,8801.2,7100.0,ENGINE RAN ROUGH ON RUN UP.,2013-08-13,"RAN A/C, OPS CK OK.",c_24,engine run rough rough running misfire
1125651,2013-08-14 16:08:00,2013-08-14 15:03:00,N572ND,8448.9,7100.0,"AFTER TAKEOFF, EXPERIENCED ENG ROUGHNESS. RAN CKLIST, FOUND R/H MAG BAD, AFTER BURNED OFF MAG & GOT W/IN TOLERANCES.",2013-08-14,RAN A/C NOTING NO ROUGHNESS. BOTH MAGS CK'ED W/IN LIIMITS. COULD NOT DUPLICATE DISCREP.,c_24,engine run rough rough running misfire
1125929,2013-08-26 18:52:00,2013-08-28 14:05:00,N523ND,6019.6,580.0,MX FLIGHT REQUIRED TO CHECK FOR ENGINE ROUGHNESS & VIBRATION.,2013-08-28,"NO ABNORMALITIES, MANY CHANGES IN RPM THROUGH FLIGHT SHOWED NO INDICATIONS OF A ROUGH ENGINE. JOSEPH DONOVAN 3481043 CFI 5/15.",c_24,engine run rough rough running misfire
1126377,2013-09-09 16:01:00,2013-09-09 13:35:00,N563ND,9425.2,7100.0,"DURING FLIGHT AT HIGH POWER SETTINGS & LOW AIRSPEED, ENGINE BEGAN TO RUN ROUGH.",2013-09-09,RAN A/C W/ VARYING POWER & MIXTURE SETTINGS. COULD NOT DUPLICATE DISCREP.,c_24,engine run rough rough running misfire
1127561,2013-10-17 15:07:00,2013-10-21 11:04:00,N507ND,7767.8,7710.0,"DURING CRUISE, ENGINE BECAME INCREDIBLY ROUGH. ENGINE CONTINUED TO RUN ROUGH CAUSING A/C TO SHAKE & VIBRATE.",2013-10-21,"COMPLETED INSTALLATION OF #2 CYL. SERVICED ENGINE W/ 8 QTS MINERAL OIL. INSPECTED FUEL LINES IAW AD 2011-26-04, EFF DATE 1/25/12, NOTING NO DISCREPS.",c_24,engine run rough rough running misfire
1127561,2013-10-17 15:07:00,2013-10-21 11:04:00,N507ND,7767.8,7710.0,"DURING CRUISE, ENGINE BECAME INCREDIBLY ROUGH. ENGINE CONTINUED TO RUN ROUGH CAUSING A/C TO SHAKE & VIBRATE.",2013-10-21,RAN A/C & CYLINDER LEAK & OPS CK'ED GOOD.,c_24,engine run rough rough running misfire
1128441,2013-11-14 19:42:00,2013-11-14 10:48:00,N579ND,6018.099999999999,7200.0,ENGINE HESITATION/ROUGHNESS 30 SEC AFTER TAKEOFF. NO FURTHER INCIDENTS DURING TRAFFIC PATTERN.,2013-11-14,"RAN A/C, DID NOT NOTICE ANY ROUGHNESS OR HESTITATION.",c_24,engine run rough rough running misfire
1128753,2013-11-25 08:45:00,2013-12-09 12:44:00,N606ND,1452.9,7400.0,L/H MAG MAG CAUSED ENG ROUGHNESS ON APPROACH (A/C AT KAVQ).,2013-12-09,"REMOVED, CLEANED & INSPECTED LOWER SPARK PLUGS. FOUND #1 BOTTOM SPARK PLUG FAILED. CLEANED HIGH TENSION LEADS OF OXIDES & INSTALLED SERVICEABLE SPARK PLUG. POST MAINTENANCE RUN OK.",c_24,engine run rough rough running misfire
1128753,2013-11-25 08:45:00,2013-12-09 12:44:00,N606ND,1452.9,7400.0,L/H MAG MAG CAUSED ENG ROUGHNESS ON APPROACH (A/C AT KAVQ).,2013-12-09,"FOR BILLING PURPOSES ONLY, WORK PERFORMED BY: AZ AIRCRAFT MEDIC ON INVOICE #1308 DATED 11/22/13.",c_24,engine run rough rough running misfire
1129302,2013-12-12 15:06:00,2013-12-12 14:26:00,N575ND,8214.9,7400.0,"DURING PREFLIGHT RUN UP, L/H MAG DROP CAUSED ROUGH RUNNING ENGINE & 200 - 250 RPM DROP.",2013-12-12,"REMOVED SPARK PLUGS, CLEANED, TESTED & INSPECTED. DETERMINED L/H MAG TO BE FAULTY - SEE PD #17 & 18. REINSTALLED PLUGS.",c_24,engine run rough rough running misfire
1129580,2013-12-22 10:45:00,2013-12-22 13:46:00,N557ND,9374.5,7400.0,"RUN UP PASSED STANDARDS. UPON CLIMB OUT AROUND 1800', ENGINE BEGAN TO RUN ROUGH. PEAK RPM LOSS OF 500 RPM.",2013-12-22,"RAN ENGINE, OPS CK'ED GOOD. NO DEFECTS NOTED. COULD NOT DUPLICATE.",c_24,engine run rough rough running misfire
1129769,2014-01-05 07:51:00,2014-01-05 11:09:00,N575ND,8337.3,7200.0,"ON APPROACH, ENGINE ROUGHNESS ABOUT 7 - 10 SECS. ADJUSTED MIXTURE, NO CHANGE. DECLARED EMERGENCY LANDING W/O INCIDENT.",2013-01-05,"PERFORMED GROUND RUN, ALL SYSTEMS OPS CK'ED GOOD.",c_24,engine run rough rough running misfire
1129769,2014-01-05 07:51:00,2014-01-05 11:09:00,N575ND,8337.3,7200.0,"ON APPROACH, ENGINE ROUGHNESS ABOUT 7 - 10 SECS. ADJUSTED MIXTURE, NO CHANGE. DECLARED EMERGENCY LANDING W/O INCIDENT.",2013-01-05,"INSPECTED ENGINE, FOUND CYL #2 INTAKE LEAK. REMOVED & REPLACED #2 INTAKE GASKET.",c_24,engine run rough rough running misfire
1131135,2014-02-18 20:16:00,2014-02-18 11:21:00,N565ND,10268.6,7200.0,"DURING CLIMBOUT, MOMENTARY ENGINE ROUGHNEWW & RPM DROP OF 200 WAS NOTED. NO FURTHER ABNORMAL INDICATIONS NOTED.",2014-02-18,"INSPECTED ENGINE, SERVICED SPARK PLUGS, FOUND #1 CYL LOWER PLUG DEFECTIVE. REPLACED PLUG, RAN ENGINE, NORMAL OPERATION.",c_24,engine run rough rough running misfire
1131252,2014-02-23 15:39:00,2014-02-23 15:17:00,N514ND,15442.1,7100.0,"ENGINE ROUGHNESS AROUND 950 RPM, CAUSING IT TO ALMOST DIE.",2014-02-23,RAN A/C & WARMED UP. NO ROUGHNESS NOTED.,c_24,engine run rough rough running misfire
1131793,2014-03-10 15:25:00,2014-03-10 13:12:00,N531ND,7330.0,8010.0,"DURING FLIGHT, ENGINE MISFIRED TWICE. ENGINE INSTRUMENTS CK'ED GOOD. MAGS CK'ED GOOD.",2014-03-10,"RAN A/C, OPS CK GOOD. COULD NOT DUPLICATE DISCREPANCY.",c_24,engine run rough rough running misfire
1132648,2014-04-07 14:00:00,2014-04-22 13:58:00,N633ND,2343.6000000000004,7200.0,ENGINE ROUGHNESS DURING DESCENT.,2014-04-22,"CK'ED & ADJUSTED FUEL CONTROL. TEST FLIGHT, ALL OPERATIONS GOOD.",c_24,engine run rough rough running misfire
1132648,2014-04-07 14:00:00,2014-04-22 13:58:00,N633ND,2343.6000000000004,7200.0,ENGINE ROUGHNESS DURING DESCENT.,2014-04-22,"FOR BILLING PURPOSES ONLY, WORK PERFORMED BY: AZ AIRCRAFT MEDIC ON INVOICE #1438 DATED 4/6/14.",c_24,engine run rough rough running misfire
1132925,2014-04-15 16:12:00,2014-04-15 13:52:00,N538ND,9750.4,7420.0,"DURING RUN UP, LEFT MAG DROPPED TO 1530 RPM W/ ENGINE ROUGHNESS/SHAKING. DID NOT PERFORM LEAN PROCEDURE.",2014-04-15,"RAN A/C, CLEARED SPARK PLUGS OFF. PERFORMED MAG DROP TEST & FOUND BOTH MAGS W/IN SPECS.",c_24,engine run rough rough running misfire
1133861,2014-05-15 21:27:00,2014-05-15 11:16:00,N560ND,7149.599999999999,7410.0,L/H MAG HAS EXCESSIVE DROP & ENGINE ROUGHNESS.,2015-05-15,"RAN A/C, LEANED MIXTURE TO CLEAN FOULING FROM PLUGS. MAGS CK GOOD.",c_24,engine run rough rough running misfire
1137129,2014-09-13 08:13:00,2014-09-13 11:12:00,N573ND,11512.0,7400.0,"DURING DOWNWIND, RPM DROPPED 150 - 200 RPM W/ NO POWER CHANGES, AS WELL AS ENGINE ROUGHNESS. AFTER FULL STOP, DURING RUN UP; PERFORMED FOULED PLUG CHECKLIST SUCCESSFULLY.",2014-09-13,"RAN A/C AT ALL PARAMETERS, PERFORMED MAG DROP, NO DISCREPANCIES NOTICED. OPS CK GOOD.",c_24,engine run rough rough running misfire
1138012,2014-10-09 08:48:00,2014-10-16 13:33:00,N577ND,5296.0,7200.0,ROUGH RUNNING ENGINE ON START UP.,2014-10-16,"PERFORMED GROUND RUN, CK'ED MAG DROP & MIXTURE SETTINGS, ALL ENGINE FUNCTIONS NORMAL.",c_24,engine run rough rough running misfire
1138012,2014-10-09 08:48:00,2014-10-16 13:33:00,N577ND,5296.0,7200.0,ROUGH RUNNING ENGINE ON START UP.,2014-10-16,"FOR BILLING PURPOSES ONLY, WORK PERFORMED BY: AZ AIRCRAFT MEDIC ON INVOICE #1675 DATED 10/9/14.",c_24,engine run rough rough running misfire
1138401,2014-10-21 13:33:00,2014-10-29 14:21:00,N633ND,3789.8999999999996,7200.0,ENGINE ROUGHNESS.,2014-10-29,"INSPECTED CYL ASSY W/ BORESCOPE, REAMED #4 EXHAUST GUIDE, REASSEMBLED, PERFORMED GROUND RUN.",c_24,engine run rough rough running misfire
1138401,2014-10-21 13:33:00,2014-10-29 14:21:00,N633ND,3789.8999999999996,7200.0,ENGINE ROUGHNESS.,2014-10-29,"FOR BILLING PURPOSES ONLY, WORK PERFORMED BY: AZ AIRCRAFT MEDIC ON INVOICE #1692 DATED 10/21/14.",c_24,engine run rough rough running misfire
1138434,2014-10-22 14:26:00,2015-01-08 10:59:00,N606ND,3822.2999999999997,7200.0,ENGINE ROUGHNESS.,2015-01-08,"FOR BILLING PURPOSES ONLY, WORK PERFORMED BY: A&P 2745639. SEE DISCREPANCY PAGE DATED 10/22/14 FOR SIGN OFF.",c_24,engine run rough rough running misfire
1138434,2014-10-22 14:26:00,2015-01-08 10:59:00,N606ND,3822.2999999999997,7200.0,ENGINE ROUGHNESS.,2015-01-08,"REINSPECTED ENGINE COMPARTMENT, CK'ED TIMING, PERFORMED GROUND RUN (CND), RE-RAN FOLLOWING MORNING. COULD NOT DUPLICATE. CK'ED ENGINE DATA.",c_24,engine run rough rough running misfire
1138558,2014-10-27 08:40:00,2014-10-27 13:36:00,N515ND,13235.2,580.0,MX FLIGHT REQUIRED TO CK ROUGH RUNNING ENGINE & DYING AFTER LANDING.,2014-10-27,"PERFORMED MX FLIGHT, A/C OPERATED W/ NO ISSUES. JEFFREY LUNDQUIST JR 3560798 CFI 8/15.",c_24,engine run rough rough running misfire
1139093,2014-11-15 07:52:00,2014-11-15 14:03:00,N536ND,11014.9,7200.0,MOMENTARY ENGINE ROUGHNESS.,2014-11-15,PERFORMED ENGINE RUN UP. NO ROUGHNESS NOTED THROUGH ENTIRE RPM RANGE. COULD NOT DUPLICATE.,c_24,engine run rough rough running misfire
1140610,2015-01-22 07:18:00,2015-01-22 11:16:00,N521ND,11850.3,7200.0,ENGINE HAD FLUCTUATING OIL PRESSURE READINGS. ENGINE ROUGHNESS BETWEEN 700-1200 RPM.,2015-01-22,"RAN UP A/C, UNABLE TO DUPLICATE DISCREPANCY. OPS CK OK.",c_24,engine run rough rough running misfire
1141782,2015-02-25 18:42:00,2015-02-26 11:15:00,N516ND,10386.6,7100.0,"DURING CLIMB OUT, ENGINE SPUTTERED. LEANED MIXTURE & ENGINE RAN ROUGH. COMPLETED ENGINE ROUGHNESS CHECKLIST & NOTED 300-400 RPM DROP W/ MAGS ON LEFT.",2015-02-25,"PERFORMED GROUND RUN, NO DEFECTS NOTED. MAG CK DIFFERENTIAL WAS @ 50 RPM, BUT W/IN LIMITS. RESEARCHED MFD CARD DATA, NO DEFECTS NOTED.",c_24,engine run rough rough running misfire
1141782,2015-02-25 18:42:00,2015-02-26 11:15:00,N516ND,10386.6,7100.0,"DURING CLIMB OUT, ENGINE SPUTTERED. LEANED MIXTURE & ENGINE RAN ROUGH. COMPLETED ENGINE ROUGHNESS CHECKLIST & NOTED 300-400 RPM DROP W/ MAGS ON LEFT.",2015-02-26,SEE W/O #1141799 FOR MAINTENANCE FLIGHT.,c_24,engine run rough rough running misfire
1141799,2015-02-26 08:19:00,2015-02-26 13:21:00,N516ND,10386.6,580.0,MAINTENANCE FLIGHT NEEDED TO CK FOR ENGINE ROUGHNESS.,2015-02-26,"PERFORMED MX FLIGHT, OPS CK GOOD. COULD NOT DUPLICATE PROBLEM. DANIEL M SICH 3577823 CFI 11/16.",c_24,engine run rough rough running misfire
1145083,2015-06-18 18:48:00,2015-06-18 10:10:00,N558ND,14090.0,7410.0,L/H MAGNETO REQUIRES REPLACEMENT.,2015-06-18,OPS & LEAK CK GOOD. NO ENGINE ROUGHNESS NOTED.,c_24,engine run rough rough running misfire
1145083,2015-06-18 18:48:00,2015-06-18 10:10:00,N558ND,14090.0,7410.0,R/H MAGNETO REQUIRES REPLACEMENT.,2015-06-18,OPS & LEAK CK GOOD. NO ENGINE ROUGHNESS NOTED.,c_24,engine run rough rough running misfire
1145409,2015-06-30 19:36:00,2015-06-30 15:23:00,N579ND,10132.599999999999,7200.0,"DURING CLIMB OUT FROM GFK, OBSERVED MOMENTARY RPM DROP AROUND 400. RETURNED FOR LANDING, NO FURTHER ROUGHNESS.",2015-06-30,"RAN UP A/C, COULD NOT DUPLICATE DISCREPANCY. OPS CK GOOD.",c_24,engine run rough rough running misfire
1145592,2015-07-08 05:44:00,2015-07-08 12:34:00,N558ND,14225.3,7420.0,"FOULED SPARK PLUG, LARGE DROP IN RPM, ROUGH RUNNING ENG BELOW 1600 RPM.",2015-07-08,"RAN ENGINE, PERFORMED FOULED SPARK PLUG CHECKLIST PROCEDURE. CLEARED SPARK PLUG. PERFORMED GROUND RUN UP, OPS CK GOOD.",c_24,engine run rough rough running misfire
1145925,2015-07-21 19:22:00,2015-07-21 12:45:00,N557ND,9765.400000000001,7200.0,"AFTER START, ENGINE RAN CONSISTANTLY ROUGH.",2015-07-21,REMOVED & REPLACED ENGINE DRIVEN FUEL PUMP W/ S/N 08N122. RAN A/C & ENGINE SEEMED TO RUN ROUGHER ON L/H MAG. REMOVED MAG & BENCH TESTED. NO DEFECTS FOUND. REINSTALLED MAG ONTO A/C & TIMED TO ENGINE. TORQUED HOLD DOWN. RAN A/C & ENGINE RAN SMOOTH.,c_24,engine run rough rough running misfire
1146033,2015-07-27 07:26:00,2015-07-27 11:18:00,N575ND,13110.5,550.0,"DURING DESCENT, MIXTURE WAS SLOWLY MOVED INTO RICH POSITION. NO REACTION FROM MIXTURE AS WENT FULL RICH. ENGINE STARTED TO RUN ROUGH DUE TO BEING TOO LEAN. AFTER MOVING CONTROL A COUPLE TIMES IT FINALLY WENT TO FULL RICH. THIS CAUSED RPMS TO JUMP TO 2740.",2015-07-27,"PD CONT: THROTTLE WAS IMMEDIATELY REDUCED. MIXTURE CONTROL SEEMED TO BE SLOW TO RESOND DURING TAXI BACK. CA: REVIEWED FDM CARD DATA. RPM NEVER REACHED 2700. RAN A/C, PERFORMED GROUND RUN UP, NO DEFECTS NOTED. OPS CK GOOD.",c_24,engine run rough rough running misfire
1146689,2015-08-21 15:58:00,2015-08-21 10:09:00,N524ND,9782.4,7200.0,"ON BASE TO FINAL, UPON POWER CHANGE, HAD ENGINE ROUGHNESS. PROCEEDED TO MAKE LANDING W/O PROBLEMS.",2015-08-21,"PERFORMED GROUND RUN, FOUND MIXTURE RISE TOO LOW. PERFORMED SEASONAL ADJUSTMENT. OPS CK'ED GOOD.",c_24,engine run rough rough running misfire
1147065,2015-09-07 21:41:00,2015-09-08 14:10:00,N524ND,9888.9,580.0,MX FLIGHT REQUIRED FOR ENGINE ROUGHNESS.,2015-09-08,"CLIMBS, CRUISE, DESCENTS - ENGINE RAN SMOOTH. GENE CAO 3636362 CFI 12/16.",c_24,engine run rough rough running misfire
1147178,2015-09-10 09:27:00,2015-09-10 14:53:00,N545ND,14813.8,580.0,A/C REQUIRES MAINTENANCE FLIGHT DUE TO ROUGH RUNNING ENGINE.,2015-09-10,"PERFORMED MX FLIGHT, OPS CK GOOD. ALL INDICATIONS READING NORMAL. ADAM PAIDER 3538442 CFI 5/16.",c_24,engine run rough rough running misfire
1147415,2015-09-17 11:38:00,2015-09-17 11:33:00,N508ND,12565.699999999999,7410.0,"DURING RUN UP, DIFFERENCE BETWEEN MAGNETOS WAS 70-80. ATTEMPTED FAULT MAG CK PROCEDURES, NO CHANGE TO MAGNETO DROPS & MADE ENGINE ROUGHER.",2015-09-17,"RAN A/C, LEANED ENGINE. PERFORMED MAG DROP CK W/ FULL MIXTURE. COULD NOT DUPLICATE DISCREPANCY. ALL NUMBERS WERE W/IN PARAMETERS. OPS CK GOOD.",c_24,engine run rough rough running misfire
1147976,2015-10-05 14:32:00,2015-10-05 13:06:00,N528ND,11373.699999999999,580.0,MAINTENANCE FLIGHT REQUIRED FOR ROUGH RUNNING ENGINE.,2015-10-05,"PERFORMED MX FLIGHT, NO DEFECTS NOTED. DYLAN GIRGEN 3687878 CFI 5/17.",c_24,engine run rough rough running misfire
1147985,2015-10-05 18:12:00,2015-10-05 13:36:00,N654ND,2688.8999999999996,7410.0,"ENGINE ROUGHNESS AT ALL RPMS, FLUCTUATION OF + OR - 50 RPM. ENGINE LEANED, ATTEMPTED MAGNETO BURN OFF W/O SUCCESS.",2015-10-05,"PERFORMED GROUND RUN, COULD NOT DUPLICATE RPM FLUCTUATION. ENGINE OPS CK GOOD.",c_24,engine run rough rough running misfire
1148282,2015-10-15 17:05:00,2015-11-02 11:45:00,N605ND,6830.700000000001,7200.0,"DURING CLIMB, ENGINE ROUGH (SHAKING AIRPLANE) LEANED OUT FARTHER THAN PEAK TO STOP SHAKING AND RPM DROP. MAG CHECK AND LEAN CHECKED OK. CONTINUED ROUGH DURING LEVEL FLIGHT, TRIED TO LEN AND RICH MIXTURE NO REAL CHANGE. RPMS WERE DROPPING AND INCREASING 20",2015-10-17,INSPECTED ENGINE. PERFORMED MAINTENANCE RUN. COULD NOT DUPLICATE.,c_24,engine run rough rough running misfire
1149254,2015-11-20 11:09:00,2015-11-22 10:47:00,N574ND,14345.9,7410.0,L/H MAG MISFIRES AT HIGH POWER SETTING.,2015-11-21,"RAN A/C, OPS CK GOOD. LEAK CK GOOD.",c_24,engine run rough rough running misfire
1149254,2015-11-20 11:09:00,2015-11-22 10:47:00,N574ND,14345.9,7410.0,L/H MAG MISFIRES AT HIGH POWER SETTING.,2015-11-21,REMOVED & REPLACED MAGNETO W/ S/N 14030209.,c_24,engine run rough rough running misfire
1150121,2016-01-09 12:16:00,2016-01-09 10:49:00,N530ND,15138.9,7930.0,"OIL PRESSURE GAUGE INDICATED HIGH OIL PRESS IN FLIGHT. NO ENGINE ROUGHNESS. AFTER SHUT DOWN, OIL PRESSURE NEEDLE WAS IN GREEN.",2016-01-09,"INSPECTED FLIGHT DATA & VERIFIED HIGH OIL PRESS INDICATION. VERIFIED PROPER OPERATION OF OIL PRESS IND SYSTEM W/ BARFIELD PRESSURE CHECKER. CLEANED ALTERNATOR & ENGINE GROUNDS. PERFORMED GROUND RUN, OPS & LEAK CK'ED GOOD.",c_24,engine run rough rough running misfire
1150225,2016-01-13 07:11:00,2016-01-13 14:03:00,N579ND,11412.699999999999,7700.0,"DURING FLIGHT AT FULL POWER, IT FELT & SOUNDED LIKE ENGINE WAS MISFIRING ON A CYL ABOUT EVERY 10 SECONDS. ROUGH RUNNING ENGINE CHECKLIST WAS COMPLETED W/ NO EFFECT.",2016-01-13,"RAN A/C, OPS CK GOOD.",c_24,engine run rough rough running misfire
1151030,2016-02-09 13:11:00,2016-02-09 13:17:00,N573ND,14309.2,7100.0,ENGINE SEEMS TO MISFIRE/VIBRATION ON EITHER MAGNETO.,2016-02-09,"PERFORMED GROUND RUN OF A/C, OPS CK NORMAL. INSPECTED & FOUND NO LEAKS. OK FOR SERVICE.",c_24,engine run rough rough running misfire
1154700,2016-06-15 12:15:00,2016-06-15 11:15:00,N548ND,10272.1,7100.0,"UPON ENGINE START UP; WHEN INCREASING THROTTLE TO 1200 TO LEAN MIXTURE, ENGINE WOULD MISFIRE.",2016-06-15,"RAN A/C, PERFORMED FOULED PLUG PROCEDURE. OPS GOOD. RAN ENGINE @ MULTIPLE RPM, NO DEFECTS. PERFORMED MAG DROP TEST. OPS GOOD.",c_24,engine run rough rough running misfire
1154786,2016-06-17 16:09:00,2016-06-17 15:51:00,N539ND,14507.9,580.0,MX FLIGHT REQUIRED TO CK FOR ROUGH RUNNING ENGINE & RPM LOSS.,2016-06-17,PERFORMED MX FLIGHT TO CK FOR ENGINE ROUGHNESS. NO DEFECTS NOTED. OK FOR SERVICE. KYLE FISHER 3681046 CFI 12/16.,c_24,engine run rough rough running misfire
1155511,2016-07-15 10:05:00,2016-07-15 13:39:00,N572ND,11133.3,7410.0,"DURING RUN UP, RIGHT MAGNETO CAUSED ENGINE ROUGHNESS & 400 RPM DROP.",2016-07-15,"REMOVED & TESTED ALL SPARK PLUGS, TESTED GOOD. REINSTALLED & TORQUED PLUGS. REMOVED & REPLACED R/H MAG W/ REBUILT S/N 13080507. OPS & LEAK CK GOOD.",c_24,engine run rough rough running misfire
1155847,2016-07-28 14:15:00,2016-07-28 11:11:00,N528ND,13413.0,7200.0,"ROUGH ENGINE ON TAKE OFF (LOCATED IN NORTHWOOD, ND).",2016-07-28,"RAN UP TO CK FOR ROUGH RUNNING AFTER TAKE OFF. MAGS CK NORMAL, SMOOTH ACCELERATION & FULL POWER NORMAL.",c_24,engine run rough rough running misfire
1156565,2016-08-26 09:18:00,2016-08-26 00:00:00,N570ND,17229.3,,"PILOT REPORTS ""SUBSTANTICAL ENGINE ROUGHNESS EXPERIENCED""",2016-08-26,UNABLE TO DUPLICATE. PERFORMED ENGINE RUN. NO DEFECTS NOTED,c_24,engine run rough rough running misfire
1156697,2016-08-30 12:53:00,2016-08-30 13:16:00,N576ND,15357.0,7100.0,ENGINE PRODUCES STRONG VIBRATION BETWEEN 1700-2000 RPM. MIXTURE & ALTITUDE HAD NO AFFECT.,2016-08-30,RAN A/C & CLEANED SPARK PLUGS OFF. COULD NOT DUPLICATE PROBLEM. MX FLIGHT REQUIRED TO CK FOR ENGINE ROUGHNESS - SEE W/O #1156698.,c_24,engine run rough rough running misfire
1156698,2016-08-30 13:14:00,2016-08-30 13:17:00,N576ND,15357.0,580.0,MX FLIGHT REQUIRED TO CK FOR ENGINE ROUGHNESS.,2016-08-30,PERFORMED MX FLIGHT & FOUND ENGINE RUNNING NORMAL. OPS CK GOOD. ALEX CRAYCHEE 3261328 CFI 3/18.,c_24,engine run rough rough running misfire
1157094,2016-09-12 11:52:00,2016-09-12 11:10:00,N655ND,5577.9,7410.0,"DURING RUN UP, R/H MAG WAS ROUGH, BUT W/IN STANDARDS. IN FLIGHT; HAD ENGINE ROUGHNESS, CK'ED MAGS & L/H MAG DROPPED ABOUT 400 RPM.",2016-09-12,"PERFORMED GROUND RUN, FOUND ENGINE TO RUN ROUGH ON L/H MAG. REPLACED L/H MAG W/ S/N 15030228. L/H & R/H MAG OPS & LEAK CK'ED GOOD.",c_24,engine run rough rough running misfire
1157150,2016-09-13 10:22:00,2016-09-16 12:46:00,N573ND,16104.7,7230.0,"AFTER ENGINE START UP, NOTICED VIBRATION & ROUGH RUNNING ENGINE. ENGINE RAN FOR ABOUT 1 MINUTE, THEN SHUT DOWN.",2016-09-14,REMOVED & REPLACED CYL #3 W/ NEW IAW LYCOMING OVERHAUL MANUAL. SERVICED W/ MINERAL OIL.,c_24,engine run rough rough running misfire
1157150,2016-09-13 10:22:00,2016-09-16 12:46:00,N573ND,16104.7,7230.0,"AFTER ENGINE START UP, NOTICED VIBRATION & ROUGH RUNNING ENGINE. ENGINE RAN FOR ABOUT 1 MINUTE, THEN SHUT DOWN.",2016-09-16,"RUN UP, LEAK CK GOOD.",c_24,engine run rough rough running misfire
1157644,2016-09-29 08:30:00,2016-10-04 12:33:00,N568ND,14724.7,7230.0,EXPERIENCED SEVERE ENGINE ROUGHNESS WHILE ON LONG FINAL. KNOCKING & SEVERE VIBRATIONS. LOST SEVERAL HUNDRED RPM.,2016-10-03,"PERFORMED GROUND RUN, OPS & LEAK CK'ED GOOD.",c_24,engine run rough rough running misfire
1158290,2016-10-20 10:55:00,2016-10-20 13:07:00,N521ND,9284.1,7420.0,WHILE ADVANCING THROTTLE TO 1200 RPM FOR AFTER ENGINE START CHECKLIST; RPM DROPPED TO 510-480. AFTER 5 SECONDS ENGINE OPERATED NORMALLY.,2016-10-20,"RAN UP A/C, FOUND ENGINE TO STUMBLE ON L/H MAGNETO. CK'ED TIMNIG, CK GOOD. CLEANED & TESTED SPARK PLUGS, FOUND TOP PLUG ON #3 CYL TO HAVE BROKEN CERAMIC. REMOVED & REPLACED W/ NEW PLUG. RAN A/C, OPS CK GOOD.",c_24,engine run rough rough running misfire
1158887,2016-11-11 15:48:00,2016-11-11 12:16:00,N527ND,8937.0,7400.0,ENGINE ROUGHNESS W/ PULSATING RPM DROP.,2016-11-11,CLEARED SPARK PLUGS USING LEANING PROCEDURES. OPS CK GOOD.,c_24,engine run rough rough running misfire
1159199,2016-11-22 12:57:00,2016-11-22 13:40:00,N547ND,8091.799999999999,7100.0,ENGINE ROUGH ON PRE RUN UP.,2016-11-22,POST INSP RUN UP GOOD.,c_24,engine run rough rough running misfire
1159199,2016-11-22 12:57:00,2016-11-22 13:40:00,N547ND,8091.799999999999,7100.0,ENGINE ROUGH ON PRE RUN UP.,2016-11-22,REMOVED & CLEANED SPARK PLUGS. RETIMED L/H MAG.,c_24,engine run rough rough running misfire
1159576,2016-12-10 07:38:00,2016-12-10 00:00:00,N635ND,7976.2,7200.0,ROUGH RUNNING ENGINE AT RUN UP,2016-12-10,INSPECTION AND FUNCTION CHECK OF ENGINE AND SYSTEMS. NO DISCREPANCY NOTED,c_24,engine run rough rough running misfire
1161085,2017-02-09 22:34:00,2017-02-10 14:56:00,N558ND,12696.699999999999,580.0,MX FLIGHT REQUIRED TO CK FOR HUGE THUMP & ENGINE ROUGHNESS.,2017-02-10,PERFORMED MX FLIGHT. FLEW AT MULTIPLE RPMS & IT RAN SMOOTH. NO PROBLEMS. EVAN BROADBENT 3737038 CFI.,c_24,engine run rough rough running misfire
1161088,2017-02-10 06:57:00,2017-02-10 15:35:00,N677ND,3934.7999999999997,7100.0,"DURING FLIGHT, EXPERIENCED ENGINE ROUGHNESS. ENGINE SPUTTERED & SHOOK 3 SEPERATE TIMES.",2017-02-10,"RAN UP A/C, COULD NOT DUPLICATE DISCREP. MAINTENANCE FLIGHT REQUIRED - SEE W/O #1161094.",c_24,engine run rough rough running misfire
1161094,2017-02-10 08:33:00,2017-02-10 15:02:00,N677ND,3934.7999999999997,580.0,MAINTENANCE FLIGHT REQUIRED TO CK FOR ENGINE ROUGHNESS.,2017-02-10,"RAN A/C AT MULTIPLE POWER SETTINGS, NO DEFECTS NOTED. OPS CK GOOD. BRENDAN FOLEY 3737219 CFI 12/17.",c_24,engine run rough rough running misfire
1161303,2017-02-16 13:24:00,2017-02-16 11:36:00,N718ND,178.2,580.0,MX FLIGHT REQUIRED TO CK FOR ENGINE ROUGHNESS & OIL TEMP IN FLIGHT.,2017-02-16,"PERFORMED MX FLIGHT, OPS CK GOOD. BRENDON FOLEY 3737219 CFI 12/17.",c_24,engine run rough rough running misfire
1161310,2017-02-16 15:38:00,2017-02-16 11:38:00,N549ND,12176.400000000001,7160.0,ROUGH RUNNING ENGINE WHEN ADDING POWER TAXI.,2017-02-16,RAN A/C & CLEARED SPARK PLUG OFF. OPS CK GOOD. FOUND ENGINE OPERATING NORMAL.,c_24,engine run rough rough running misfire
1161365,2017-02-18 10:33:00,2017-04-11 15:50:00,N689ND,6851.5,7100.0,PILOT REPORTED LEFT ENGINE ROUGH ON APPROACH.,2017-02-20,"REMOVED #2 CYL, FOUND VALVE BODIES FOR LIFTERS WORN. INSPECTION OF OIL FILTER FOUND NON-MAGNETIC FLAKES. BAGGED FILTER & TOOK OIL SAMPLE. ENGINE CHANGE REQUESTED BY LYCOMING.",c_24,engine run rough rough running misfire
1161365,2017-02-18 10:33:00,2017-04-11 15:50:00,N689ND,6851.5,7100.0,PILOT REPORTED LEFT ENGINE ROUGH ON APPROACH.,2017-02-28,REMOVED STARTER & INSTALLED ON OVERHAULED ENGINE. DRAINED PRESERVATIVE OIL.,c_24,engine run rough rough running misfire
1161365,2017-02-18 10:33:00,2017-04-11 15:50:00,N689ND,6851.5,7100.0,PILOT REPORTED LEFT ENGINE ROUGH ON APPROACH.,2017-03-02,"COMPLETED ROUTING & SECURING LINES, WIRES, CABLES & HOSES. ENGINE CONTROL CABLES TRAVELS CK GOOD. MADE LOG BOOK ENTRIES.",c_24,engine run rough rough running misfire
1161365,2017-02-18 10:33:00,2017-04-11 15:50:00,N689ND,6851.5,7100.0,PILOT REPORTED LEFT ENGINE ROUGH ON APPROACH.,2017-03-04,"REASSEMBLED & PALLETIZED CORE ENGINE, COMPLETED LOG ENTRY FOR REMOVED ENGINE.",c_24,engine run rough rough running misfire
1161365,2017-02-18 10:33:00,2017-04-11 15:50:00,N689ND,6851.5,7100.0,PILOT REPORTED LEFT ENGINE ROUGH ON APPROACH.,2017-03-07,SET TENSION ON ALTERNATOR BELT. ADDED 8 QTS MINERAL OIL.,c_24,engine run rough rough running misfire
1161424,2017-02-21 12:29:00,2017-02-21 10:52:00,N548ND,9419.6,7400.0,"DURING RUN UP, WHEN CHECKING L/H MAG, ENGINE EXPERIENCED MAJOR ENGINE ROUGHNESS & A DROP OF 240 RPM.",2017-02-21,"RAN UP A/C, CLEANED PLUGS. MAG DROP CK GOOD. COULD NOT DUPLICATE DISCREP.",c_24,engine run rough rough running misfire
1161530,2017-02-25 07:35:00,2017-02-25 15:21:00,N574ND,17522.3,7230.0,"ENGINE RUNNING ROUGH ON TAKEOFF, CRUISE, CLIMB. WENT THROUGH CHECKLIST NO CHANGE NOTED.",2017-02-25,"GROUND RAN A/C, COULD NOT DUPLICATE DISCREP. MAINTENANCE FLGHT REQUIRED - SEE W/O #1161537.",c_24,engine run rough rough running misfire
1161537,2017-02-25 11:09:00,2017-02-28 15:22:00,N574ND,17522.3,580.0,MAINTENANCE FLIGHT REQUIRED FOR ENGINE ROUGHNESS.,2017-02-25,"PERFORMED MX FLIGHT, NO DEFECTS FOUND. OK FOR SERVICE.",c_24,engine run rough rough running misfire
1161929,2017-03-10 13:33:00,2017-03-11 15:13:00,N538ND,23185.1,7230.0,ENGINE RUNS ROUGH ON RUN UP.,2017-03-11,ENGINE RUN SMOOTH ON RUN UP. OPS & LEAK CK GOOD.,c_24,engine run rough rough running misfire
1162030,2017-03-14 11:32:00,2017-03-14 13:26:00,N652ND,7060.5,7200.0,"IMMEDIATELY AFTER ENGINE START, HAD ENGINE ROUGHNESS.",2017-03-14,"RAN A/C, NO ROUGHNESS NOTED. ALL CHECKS GOOD.",c_24,engine run rough rough running misfire
1162247,2017-03-21 18:16:00,2017-03-21 00:00:00,N604ND,8112.8,7200.0,ENGINE ROUGHNESS WITH ENGINE HESITATION DURING TAXI,2017-03-21,RAN A/C. PERFORMED MAG CHECK AND TAXIED. COULD NOT DUPLICATE. NO DEFECT FOUND,c_24,engine run rough rough running misfire
1162573,2017-03-31 19:44:00,2017-04-01 14:23:00,N507ND,13267.8,580.0,MX FLIGHT REQUIRED TO CK FOR IN FLIGHT ENGINE ROUGHNESES & VIBRATION.,2017-04-01,"TEST FLEW A/C, NO ROUGHNESS NOTED. ALEX CRAYCHEE 3261328 CFI 3/18.",c_24,engine run rough rough running misfire
1162682,2017-04-04 18:59:00,2017-04-04 10:29:00,N557ND,14536.6,7200.0,"FAULTY MAG ON RUN UP, RAN FAULTY MAG CK LIST 2 TIMES W/ SOME IMPROVEMENT BUT STILL DROP TO 300 RPM W/ ENG ROUGHNESS.",2017-04-04,"PERFORMED GROUND RUN, NO DEFECTS NOTED. OPS CK'ED GOOD.",c_24,engine run rough rough running misfire
1162799,2017-04-07 17:15:00,2017-04-11 00:00:00,N604ND,8308.7,7320.0,FUEL CONTROL STUMBLES ON ACCELERATION REMOVED FUEL CONTROL,2017-04-08,INSPECTED AND REMOVED FUEL CONTROL UNIT,c_24,engine run rough rough running misfire
1162799,2017-04-07 17:15:00,2017-04-11 00:00:00,N604ND,8308.7,7320.0,FUEL CONTROL STUMBLES ON ACCELERATION REMOVED FUEL CONTROL,2017-04-10,INSTALLED OVERHAULED PN/2576536-2 (61J22088-70) SERIAL/ 7DEA8602 SERVO FUEL INJECTOR INSTALLED ONE NEW GASKET OPS CHECK TO BE PERFORMED ON POST RUN UP,c_24,engine run rough rough running misfire
1163160,2017-04-20 15:28:00,2017-04-20 16:03:00,N689ND,7387.3,7920.0,"DURING CRUISE FLIGHT, L/H ENGINE BEGAN TO RUN ROUGH. R/H ENG WAS SHOWING LOWER OIL PRESSURE (64 PSI). FULL THROTTLE ON L/H ENG WOULD PERSIST VIBRATION. REDUCED THROTTLE, ENG WOULD RUN SMOOTH. RETURNED TO GDK W/ REDUCED THROTTLE.",2017-04-20,REINSTALLED W/ NEW GASKET & SAFETIED. MADE ADJUSTMENT 5 TURNS IN ON OIL PRESSURE ADJUSTMENT HOUSING. OIL PRESSURE W/IN LIMITS.,c_24,engine run rough rough running misfire
1163160,2017-04-20 15:28:00,2017-04-20 16:03:00,N689ND,7387.3,7920.0,"DURING CRUISE FLIGHT, L/H ENGINE BEGAN TO RUN ROUGH. R/H ENG WAS SHOWING LOWER OIL PRESSURE (64 PSI). FULL THROTTLE ON L/H ENG WOULD PERSIST VIBRATION. REDUCED THROTTLE, ENG WOULD RUN SMOOTH. RETURNED TO GDK W/ REDUCED THROTTLE.",2017-04-20,"RAN UP A/C, COULD NOT DUPLICATE ROUGH ENGINE. FOUND R/H OIL PRESSURE WAS LOW. REMOVED & REPLACED R/H OIL PRESS TRANSDUCER W/ NO CHANGE IN OIL PSI. VERIFIED CORRECT PSI READING W/ BARFIELD OIL PRESS TESTER - TESTED GOOD.",c_24,engine run rough rough running misfire
1163160,2017-04-20 15:28:00,2017-04-20 16:03:00,N689ND,7387.3,7920.0,"DURING CRUISE FLIGHT, L/H ENGINE BEGAN TO RUN ROUGH. R/H ENG WAS SHOWING LOWER OIL PRESSURE (64 PSI). FULL THROTTLE ON L/H ENG WOULD PERSIST VIBRATION. REDUCED THROTTLE, ENG WOULD RUN SMOOTH. RETURNED TO GDK W/ REDUCED THROTTLE.",2017-04-20,"REMOVED OIL FILTER, CUT OPEN & INSPECTED - NO DEFECTS NOTED W/ OIL FILTER. INSTALLED NEW FILTER & SAFETIED. INSPECTED OIL SUMP SCREEN, FOUND NO DEFECTS. REINSTALLED & SAFETIED W/ NEW GASKET. REMOVED OIL PRESS ADJUSTMENT HOUSING, NO DEFECTS NOTED.",c_24,engine run rough rough running misfire
1163486,2017-05-02 08:38:00,2017-05-02 00:00:00,N603ND,6447.9,7410.0,DURING RUN UP LEFT MAGNETO DROPPED 250RPM AND CAUSED ROUGH RUNNING ENGINE,2017-05-02,"INSPECTED ENGINE IGNITION SYSTEM - REMOVED WORN OUT SPARK PLUGS INSTALLED NEW SPARK PLUGS - ADVANCED MAGNETO TIMING ON L/H MAGNETO, NO FURTHER DISCREPANCY NOTED",c_24,engine run rough rough running misfire
1163487,2017-05-02 09:21:00,2017-05-12 16:28:00,N604ND,8448.8,7200.0,ENGINE ROUGHNESS ON FULL POWERTAKE OFF CLIMB HIGH RPM REMOVED PN IO-360-L2A S/N: L-26304-51E INSTALLED PN: IO-360-L2A SN: L-30568-51-E,2017-05-05,FOUND #3 CYLINDER HEAD TO BE CRACKED,c_24,engine run rough rough running misfire
1163487,2017-05-02 09:21:00,2017-05-12 16:28:00,N604ND,8448.8,7200.0,ENGINE ROUGHNESS ON FULL POWERTAKE OFF CLIMB HIGH RPM REMOVED PN IO-360-L2A S/N: L-26304-51E INSTALLED PN: IO-360-L2A SN: L-30568-51-E,2017-05-09,"REMOVED FUEL AND OIL LINES, DISCONNECTED ELECTRICAL HARNESS AND FUEL CONTROL CABLES. REMOVED ENGINE FROM MOUNT. CLEANED AND INSPECTED MOUNT. DRAINED PRESERVATIVE OIL AND TRANSFERRED BAFFLES, SENSORS, FITTINGS, SUMP DRAIN AND VACUUM PUMP TO OVERHAULED CONT",c_24,engine run rough rough running misfire
1163487,2017-05-02 09:21:00,2017-05-12 16:28:00,N604ND,8448.8,7200.0,ENGINE ROUGHNESS ON FULL POWERTAKE OFF CLIMB HIGH RPM REMOVED PN IO-360-L2A S/N: L-26304-51E INSTALLED PN: IO-360-L2A SN: L-30568-51-E,2017-05-09,(CONT'D) ENGINE. INSTALLED OVERHAULED ENGINE TO MOUNT USING LORD MOUNTS AND HARDWARE.,c_24,engine run rough rough running misfire
1163487,2017-05-02 09:21:00,2017-05-12 16:28:00,N604ND,8448.8,7200.0,ENGINE ROUGHNESS ON FULL POWERTAKE OFF CLIMB HIGH RPM REMOVED PN IO-360-L2A S/N: L-26304-51E INSTALLED PN: IO-360-L2A SN: L-30568-51-E,2017-05-10,"(CONT'D) ENGINE RUN UP LEAK AND OPS CHECK OK. WORK PERFORMED IAW AMM, 71-00-01 SE PD #7 FOR FUEL CONTROL ADJUSTMENT SEE WO#1163776 FOR BREAK IN FLIGHT",c_24,engine run rough rough running misfire
1163487,2017-05-02 09:21:00,2017-05-12 16:28:00,N604ND,8448.8,7200.0,ENGINE ROUGHNESS ON FULL POWERTAKE OFF CLIMB HIGH RPM REMOVED PN IO-360-L2A S/N: L-26304-51E INSTALLED PN: IO-360-L2A SN: L-30568-51-E,2017-05-10,"INSTALLED FUEL SERVO AND CONTROL CABLES AND SAFETIED. INSTALLED ORGINAL STARTER, ALTERNATOR, EXHAUST SYSTEM, NEW OIL AND FUEL LINES. SERVICED WITH MINERAL OIL, PREOILED REPLACED VACUUM PUMP TO FILTER HOSE AND FUEL VENT HOSE. BAFFLE RODS. CONTD",c_24,engine run rough rough running misfire
1163933,2017-05-16 10:02:00,2017-05-16 13:50:00,N567ND,14293.6,7200.0,"AFTER START, ENGINE OIL TEMP DOESN'T RISE. LEANED MIXTURE & ADDED POWER UP TO 1800 RPM, HAD ENGINE ROUGHNESS DROP 50-150 RPM.",2017-05-16,"RAN A/C, COULD NOT DUPLICATE DISCREP. RAN ENGINE @ OPERATING PARAMETERS, NO DEFECTS.",c_24,engine run rough rough running misfire
1164038,2017-05-21 12:19:00,2017-05-22 13:19:00,N513ND,12442.699999999999,7230.0,"DURING RUN UP, #2 CYL WAS COLD & ENGINE SHOCK VIOLENTLY (ENGINE RUNNING ROUGH).",2017-05-22,OPS & LEAK CK GOOD.,c_24,engine run rough rough running misfire
1164315,2017-05-31 22:37:00,2017-06-01 13:24:00,N563ND,13202.5,580.0,MX FLIGHT REQUIRED TO CK FOR ENGINE ROUGHNESS.,2017-06-01,"PERFORMED MX FLIGHT, OPS CK GOOD. C. MARVEL 3722735 CFI 7/18.",c_24,engine run rough rough running misfire
1165146,2017-07-05 06:45:00,2017-07-05 13:13:00,N719ND,1076.1,7200.0,A/C IN BISMARCK W/ A ROUGH RUNNING ENGINE.,2017-07-05,"PERFORMED RUN UP, ADJUSTED MIXTURE (ENRICHENED SLIGHTLY). OPS CK OK.",c_24,engine run rough rough running misfire
1165146,2017-07-05 06:45:00,2017-07-05 13:13:00,N719ND,1076.1,7200.0,A/C IN BISMARCK W/ A ROUGH RUNNING ENGINE.,2017-07-05,"WORK ORDER FOR BILLING PURPOSES ONLY, WORK PERFORMED BY: E. PETERSON A&P 3011049.",c_24,engine run rough rough running misfire
1165247,2017-07-08 10:21:00,2017-07-08 09:54:00,N561ND,6467.3,580.0,MX FLIGHT NEEDED FOR ENGINE ROUGHNESS.,2017-07-08,"TEST FLEW A/C, OPS CK GOOD. ANDREW INGHAM 3691162 CFI 12/17.",c_24,engine run rough rough running misfire
1165252,2017-07-08 13:30:00,2017-07-08 10:01:00,N509ND,16972.5,580.0,MX FLIGHT NEEDED FOR ENGINE ROUGHNESS.,2017-07-08,PERFORMED A MX FLIGHT - OPS CK'ED OK. C. MARVEL 3722735 CFI 2/18.,c_24,engine run rough rough running misfire
1165302,2017-07-10 14:49:00,2017-07-10 14:56:00,N546ND,16130.300000000001,7100.0,A/C IN NORTHWOOD W/ ROUGH RUNNING ENGINE.,2017-07-10,"RAN A/C, PERFORMED MAG CK, OPS GOOD. ALL ENGINE GAUGES W/IN PARAMETERS. COULD NOT DUPLICATE.",c_24,engine run rough rough running misfire
1165820,2017-07-29 15:20:00,2017-07-29 09:38:00,N688ND,7903.5,7410.0,"DURING ENGINE RUN UP, R/H ENGINE HAD ABRUPT RPM DROP & ENGINE ROUGHNESS/BACK FIRE.",2017-07-29,"RAN A/C & FOUND R/H ENG, L/H MAG TO BE INOP. REMOVED MAG & INSTALLED REPAIRED MAG S/N 13060557. RAN A/C, OPS & LEAK CK GOOD.",c_24,engine run rough rough running misfire
1165960,2017-08-04 07:51:00,2017-08-04 14:47:00,N526ND,11561.6,7100.0,"IN FLIGHT LOST 400 RPM W/ AUDIBLE ENGINE ROUGHNESS. RAN ENGINE ROUGHNESS CHECLKLIST & IMPROBED, BUT MADE LOW GURGLE SOUND 3X MORE WHILE RETURNING.",2017-08-04,"RAN A/C & CLEARED SPARK PLUGS OFF, OPS CK GOOD ON MAG CK & FOUND ENGINE OPERATING NORMAL. NO ROUGHNESS OR GURGLING SOUND. MX FLIGHT REQUIRED TO CK ENGINE OPERATION - SEE W/O #1165964.",c_24,engine run rough rough running misfire
1165965,2017-08-04 08:59:00,2017-08-09 14:08:00,N560ND,12698.6,7100.0,FLYING BACK FROM PRACTICE AREA; RPM DROPPED FROM 2400 TO 2000. RAN ENGINE ROUGHNESS CHECKLIST BACK TO GRAND FORKS.,2017-08-07,DISASSEMBLED ENGINE BAFFLING. REMOVED CYLINDER & PISTON. CK'ED FIT OF NEW PISTON & RINGS TO CYL. INSTALLED NEW CYL & TORQUED.,c_24,engine run rough rough running misfire
1165965,2017-08-04 08:59:00,2017-08-09 14:08:00,N560ND,12698.6,7100.0,FLYING BACK FROM PRACTICE AREA; RPM DROPPED FROM 2400 TO 2000. RAN ENGINE ROUGHNESS CHECKLIST BACK TO GRAND FORKS.,2017-08-08,"COMPLETED INSTALLATION OF CYLINDER. CK'ED LIFTER DRY CLEARANCE, FOUND TO BE W/IN LIMITS. COMPLETED REINSTALLATION OF BAFFLES.",c_24,engine run rough rough running misfire
1165965,2017-08-04 08:59:00,2017-08-09 14:08:00,N560ND,12698.6,7100.0,FLYING BACK FROM PRACTICE AREA; RPM DROPPED FROM 2400 TO 2000. RAN ENGINE ROUGHNESS CHECKLIST BACK TO GRAND FORKS.,2017-08-09,OPS & LEAK CK GOOD.,c_24,engine run rough rough running misfire
1166578,2017-08-29 11:50:00,2017-08-29 14:09:00,N527ND,16162.099999999999,7930.0,"OIL PSI WOULD VARY WIDELY AT CERTAIN RPMS. WORKED FINE AT CRUISE @ 2450 BUT VARIED ON GROUND & DURING MANUEVERS. OIL @ 6 QTS, NO ENGINE ROUGHNESS.",2017-08-29,"REMOVED & REPLACED OIL PRESSURE TRANSDUCER W/ NEW O-RING. RAN UP A/C, OPS & LEAK CK GOOD.",c_24,engine run rough rough running misfire
1166725,2017-09-03 12:33:00,2017-09-03 10:48:00,N557ND,16117.3,7100.0,PILOT REPORTED ENGINE ROUGHNESS AFTER START UP.,2017-09-03,"STARTED A/C, FOUND ENGINE PARTIALLY FLOODED, CLEARED ROUGHNESS, FOUND OK.",c_24,engine run rough rough running misfire
1166730,2017-09-03 14:23:00,2017-09-04 11:19:00,N558ND,7561.200000000001,7200.0,"IN STRAIGHT & LEVEL FLIGHT, ENGINE SUDDENLY STARTED TO RUN ROUGH. PUT IN FULL MIXTURE, WHICH SEEMED TO CORRECT IT.",2017-09-03,REMOVED CARD TO RETRIEVE DATA.,c_24,engine run rough rough running misfire
1166851,2017-09-07 06:15:00,2017-09-07 12:57:00,N743ND,169.2,7200.0,"ON START UP, RPM WOULD JUMP AROUND +/-60-100; PERFORMED ROUGH RUNNING ENGINE CHECKLIST.",2017-09-07,"PERFORMED GROUND RUN, OPS CK'ED GOOD. NO DEFECTS NOTED.",c_24,engine run rough rough running misfire
1167060,2017-09-12 21:44:00,2017-09-12 10:48:00,N704ND,399.59999999999997,7720.0,"HIGH OIL TEMP EXPERIENCED ON INITIAL CLIMBOUT. LANDED AT GRAND FORKS, NO INCIDENT. SLIGHT ENGINE ROUGHNESS ON TAXI BACK TO RAMP. IN PATTERN & ON FINAL APPROACH HAD HIGH OIL TEMP, BUT IN GREEN.",2017-09-12,"RAN A/C, OIL TEMP STAYED IN GREEN. OIL COOLER IS CLEAR. NO ENGINE ROUGHNESS NOTED. MAINTENNACE FLIGHT REQUIRED TO CK OIL TEMP - SEE W/O #1167061.",c_24,engine run rough rough running misfire
1167164,2017-09-15 16:28:00,2017-09-15 00:00:00,N633ND,11714.8,3900.0,"NOTICED AN ALERT MESSAGE ""PFD10B ERR"" ALSO NOTICED ENGINE ROUGHNESS AROUND 800-1100 RPM",2017-09-15,PERFORMED ENGINE RUN. NO DEFECTS NOTED,c_24,engine run rough rough running misfire
1167164,2017-09-15 16:28:00,2017-09-15 00:00:00,N633ND,11714.8,3900.0,"NOTICED AN ALERT MESSAGE ""PFD10B ERR"" ALSO NOTICED ENGINE ROUGHNESS AROUND 800-1100 RPM",2017-09-15,REPLACED DAMAGED DATABASE CARDS WITH NEW. OPS CHECK GOOD.,c_24,engine run rough rough running misfire
1167996,2017-10-15 15:31:00,2017-10-15 13:13:00,N522ND,18645.8,7200.0,ENGINE MISFIRE W/ L & BOTH MAGS SELECTED.,2017-10-15,"RAN A/C, COULD NOT DUPLICATE.",c_24,engine run rough rough running misfire
1168354,2017-10-29 10:18:00,2017-10-31 00:00:00,N633ND,12079.900000000001,7200.0,ENGINE ROUGHNESS AFTER START,2017-10-30,CLEANED SPARK PLUGS,c_24,engine run rough rough running misfire
1168354,2017-10-29 10:18:00,2017-10-31 00:00:00,N633ND,12079.900000000001,7200.0,ENGINE ROUGHNESS AFTER START,2017-10-30,CHECK MAGNETO TIMING. MAGS SET TO PROPER SPEC,c_24,engine run rough rough running misfire
1168354,2017-10-29 10:18:00,2017-10-31 00:00:00,N633ND,12079.900000000001,7200.0,ENGINE ROUGHNESS AFTER START,2017-10-30,REMOVED INJECTOR CLEANED INSTALLED LEAK CHECK,c_24,engine run rough rough running misfire
1168354,2017-10-29 10:18:00,2017-10-31 00:00:00,N633ND,12079.900000000001,7200.0,ENGINE ROUGHNESS AFTER START,2017-10-30,PERFORMED FULL POWER ENGINE RUN. ENGINE RAN ROUGH BETWEEN 800-900 RPM,c_24,engine run rough rough running misfire
1168354,2017-10-29 10:18:00,2017-10-31 00:00:00,N633ND,12079.900000000001,7200.0,ENGINE ROUGHNESS AFTER START,2017-10-31,FUEL SERVO REMOVED AND REPLACED W/ S/N 70AE8602 INSTALLED,c_24,engine run rough rough running misfire
1168354,2017-10-29 10:18:00,2017-10-31 00:00:00,N633ND,12079.900000000001,7200.0,ENGINE ROUGHNESS AFTER START,2017-10-31,ADJUSTED FUEL CONTROL AD 2001-06-17 IMPROPER FUEL FLOW SETTINGS EFFECTIVE DATE 4/20/01 DUE AT MX 3882.6,c_24,engine run rough rough running misfire
1169360,2017-12-07 05:44:00,2017-12-07 00:00:00,N603ND,8067.0,7410.0,ON RUN UP WHEN CHECKING LEFT MAGNETO STEADY DROP IN RPM THAT EXCEEDED TOLERANCES. RAN FAULTY MAGNETO CHECKLIST AND THEN VERY NOTICABLE ENGINE ROUGHNESS FOLLOWED.,2017-12-07,PERFORMED MAG TEST. NO DEFECTS NOTED.  COULD NOT DUPLICATE.,c_24,engine run rough rough running misfire
1169672,2017-12-21 15:22:00,2017-12-21 14:28:00,N537ND,12881.1,7100.0,"ON RETURN BACK TO GFK, NORMAL CRUISE FLIGHT, ENGINE MISFIRE APPROX 200 RPM LOSS THEN ENGINE RESUMED NORMAL OPERATION.",2017-12-21,RAN A/C & CLEANED SPARK PLUGS OFF. FOUND ENGINE OPERATING NORMAL. COULD NOT DUPLICATE PROBLEM.,c_24,engine run rough rough running misfire
1169744,2017-12-28 08:27:00,2017-12-28 14:04:00,N556ND,18697.3,7100.0,"DURING FLIGHT, EXPERIENCED SLIGHT ENGINE ROUGHNESS. OIL PRESSURE WAS RUNNING HIGH ABOVE 2250 RPM.",2017-12-28,"REVIEWED FDM DATA & FOUND DATA TO BE W/IN PARAMETERS. RAN ENGINE & OBSERVED NO ENGINE ROUGHNESS & VERIFIED MIXTURE SETTINGS TO BE CORRECT. PILOT MAY HAVE BEEN REFERING TO FUEL FLOW (WHICH HITS TOP OF GREEN @ 2250 RPM @ FULL RICH), INSTEAD OF FUEL PSI.",c_24,engine run rough rough running misfire
1169744,2017-12-28 08:27:00,2017-12-28 14:04:00,N556ND,18697.3,7100.0,"DURING FLIGHT, EXPERIENCED SLIGHT ENGINE ROUGHNESS. OIL PRESSURE WAS RUNNING HIGH ABOVE 2250 RPM.",2017-12-28,COULD NOT DUPLICATE DISCREPANCY. OPS CK GOOD.,c_24,engine run rough rough running misfire
1169904,2018-01-08 15:16:00,2018-01-08 11:06:00,N521ND,11998.2,7200.0,ENGINE ROUGHNESS AFTER START UP.,2018-01-08,"RAN UP ENGINE, OPS CK'ED GOOD.",c_24,engine run rough rough running misfire
1170007,2018-01-13 19:59:00,2018-01-16 13:36:00,N719ND,2110.2,580.0,MX FLIGHT REQUIRED TO CK FOR ENGINE ROUGHNESS IN FLIGHT.,2018-01-16,"FLEW MAINTENANCE FLIGHT, OPS CK GOOD. MICHAEL VANDERMEULER 3725504 CFI 4/19.",c_24,engine run rough rough running misfire
1170025,2018-01-16 08:05:00,2018-01-16 12:58:00,N521ND,12031.2,7410.0,"ON RUN UP, L/H MAG 200 RPM DROP W/ VIBRATION. RAN ROUGH.",2018-01-16,"PERFORMED GROUND RUN, FOUND TO RUN ROUGH ON L/H MAG SELECTION.",c_24,engine run rough rough running misfire
1170104,2018-01-17 15:58:00,2018-01-17 00:00:00,N540ND,23320.8,7200.0,"PILOT REPORTS ""POSSIBLE ENGINE ROUGHNESS""",2018-01-17,PERFORMED ENGINE RUN. UNABLE TO DUPLICATE. NO DEFECTS NOTED.,c_24,engine run rough rough running misfire
1170466,2018-01-29 21:48:00,2018-01-29 11:05:00,N571ND,12681.9,7420.0,"DURING RUN UP, MAGS ON RIGHT HAD LARGE RPM DROP & ROUGH ENGINE.",2018-01-29,"RAN A/C, ENGINE DID RUN ROUGH. CLEARED PLUGS ON RUN UP. ENGINE RAN SMOOTH. COULD NOT DUPLICATE. OPS GOOD.",c_24,engine run rough rough running misfire
1170665,2018-02-05 14:28:00,2018-02-05 00:00:00,N652ND,8180.2,7420.0,"WENT TO DO RUN UP, LEFT MAG DROPPED TO MID 1500'S WITH VIBRATION. EXECUTED FAULT MAGNETO PROCEDURE TWICE RPMS STILL DROPPED 150 W/ EMGOME ROUGHNESS.",2018-02-05,"CLEANED TO TOP PLUG #4 CYLINDER, REPLACED BOTTOM PLUG W/ NEW. RAN ENGINE, ROUGHNESS GONE. MAG CHECK GOOD.",c_24,engine run rough rough running misfire
1170883,2018-02-12 07:28:00,2018-02-13 11:13:00,N641ND,6902.400000000001,7100.0,"DURING POWERED DESCENT,  ENCOUNTERED ENGINE ROUGHNESS FOR ABOUT 30 SECONDS.",2018-02-12,"RESEARCHED MX HISTORY. RAN A/C, COULD NOT DUPLICATE THIS DISCREP. ENGINE RAN SMOOTHLY AT ALL POWER SETTINGS WHILE ENGINE WAS COLD & WARM.   QA WOULD LIKE VALVES CK'ED.",c_24,engine run rough rough running misfire
1170883,2018-02-12 07:28:00,2018-02-13 11:13:00,N641ND,6902.400000000001,7100.0,"DURING POWERED DESCENT,  ENCOUNTERED ENGINE ROUGHNESS FOR ABOUT 30 SECONDS.",2018-02-13,"REPAIRED 3 IGNTION LEADS, RESECURED IGNITION LEADS ON TO PLUGS.",c_24,engine run rough rough running misfire
1170883,2018-02-12 07:28:00,2018-02-13 11:13:00,N641ND,6902.400000000001,7100.0,"DURING POWERED DESCENT,  ENCOUNTERED ENGINE ROUGHNESS FOR ABOUT 30 SECONDS.",2018-02-13,"CLEANED & SERVICED SPARK PLUGS, OPS CK GOOD. NO DEFECTS NOTED. REINSTALLED.",c_24,engine run rough rough running misfire
1170964,2018-02-13 22:44:00,2018-02-14 14:38:00,N641ND,6902.400000000001,580.0,MX FLIGHT NEEDED FOR ROUGH RUNNING ENGINE.,2018-02-14,"PERFORMED MX FLIGHT, OPS CK GOOD. DAVID KIM 3766196 CFI 5/19.",c_24,engine run rough rough running misfire
1171201,2018-02-23 23:31:00,2018-02-24 14:34:00,N641ND,7009.200000000001,580.0,MX FLIGHT REQUIRED TO CK FOR ENGINE ROUGHNESS IN FLIGHT.,2018-02-24,FLEW A/C FOR AN HOUR. ENGINE OPERATIONS NORMAL. NICK KENNEDY 3789468 CFI 12/18.,c_24,engine run rough rough running misfire
1171351,2018-02-28 15:54:00,2018-02-28 00:00:00,N602ND,9714.1,7220.0,"ENGINE ROUGHNESS ON TAKE OFF, ENGINE WOULD NOT GENERATE FULL POWER",2018-02-28,PERFORMED ENGINE RUN AND LEAK CHECK,c_24,engine run rough rough running misfire
1172005,2018-03-27 20:18:00,2018-03-27 15:41:00,N561ND,8137.4,7930.0,"AFTER START, FOUND THAT @ ABOUT 1300 RPM & ABOVE HAD ENGINE ROUGHNESS & OIL PRESS FLUCTUATED WILDLY. ADJUSTING MIXTURE HAD NO EFFECT.",2018-03-27,"RAN ENGINE & HAD NO ISSUES W/ ENGINE ROUGHNESS, BUT DID OBSERVE OIL PSI FLUCTUATIONS. CLEANED CONNECTOR AT OIL PSI TRANSDUCER & CK'ED ON BARFIELD - FOUND TO BE STEADY & ACCURATE. RAN ENGINE, OPS & LEAK CK GOOD.",c_24,engine run rough rough running misfire
1173362,2018-05-08 18:15:00,2018-05-08 00:00:00,N608ND,13102.8,7100.0,ENGINE ROUGHNESS FOR 30 SECONDS DURING CLIMB,2018-05-08,REVIEWED DATA CARD. RAN ENGINE & TESTED FOR INDUCTION LEAKS. NO DISCREPANCIES NOTED. ENGINE RAN OK. NO ROUGHNESS NOTED CLEANED LOWER SPARK PULGS.,c_24,engine run rough rough running misfire
1173380,2018-05-09 09:59:00,2018-05-09 00:00:00,N608ND,13109.1,7220.0,ENGINE VIBRATION MORE THAN NORMAL UPON ENGINE START. RAN FOR APPROX 1 MINUTE AND IT DID NOT CHANGE,2018-05-09,PERFORMED ENGINE RUN. INTERMITTANT ROUGH ENGINE WITH MISFIRE ON CYLINDER 4 ON BOTH RIGHT AND LEFT MAGNETOS.,c_24,engine run rough rough running misfire
1173625,2018-05-18 08:49:00,2018-05-19 00:00:00,N577ND,16756.8,7230.0,SEVERE ENGINE ROUGHNESS ON RUN-UP / ENGINE FAILED BEFORE SHUTDOWN CHECKLIST INITIATED,2018-05-18,SERVICED AND TESTED SPARK PLUGS AND INSPECTED IGNITION SYSTEM.,c_24,engine run rough rough running misfire
1173625,2018-05-18 08:49:00,2018-05-19 00:00:00,N577ND,16756.8,7230.0,SEVERE ENGINE ROUGHNESS ON RUN-UP / ENGINE FAILED BEFORE SHUTDOWN CHECKLIST INITIATED,2018-05-18,BORESCOPE INSPECTION OF CYLINDER 1. FOUND DAMAGED PISTON AND CYLINDER.,c_24,engine run rough rough running misfire
1173625,2018-05-18 08:49:00,2018-05-19 00:00:00,N577ND,16756.8,7230.0,SEVERE ENGINE ROUGHNESS ON RUN-UP / ENGINE FAILED BEFORE SHUTDOWN CHECKLIST INITIATED,2018-05-18,"REPLACED #1 CYLINDER WITH PISTON, RINGS, AND VALVES IAW LYCOMING DIRECT DRIVE OVERHAUL MANUAL.",c_24,engine run rough rough running misfire
1173625,2018-05-18 08:49:00,2018-05-19 00:00:00,N577ND,16756.8,7230.0,SEVERE ENGINE ROUGHNESS ON RUN-UP / ENGINE FAILED BEFORE SHUTDOWN CHECKLIST INITIATED,2018-05-19,OPS CHECK / LEAK CHECK OK.,c_24,engine run rough rough running misfire
1173625,2018-05-18 08:49:00,2018-05-19 00:00:00,N577ND,16756.8,7230.0,SEVERE ENGINE ROUGHNESS ON RUN-UP / ENGINE FAILED BEFORE SHUTDOWN CHECKLIST INITIATED,2018-05-19,DRAINED ENGINE OIL. REPLACED OIL FILTER AND INSPECTED SUMP SCREEN. SERVICED WITH MINERAL OIL.,c_24,engine run rough rough running misfire
1174516,2018-06-19 07:24:00,2018-06-19 14:26:00,N558ND,9811.2,580.0,MX FLIGHT REQUIRED TO CK FOR ENGINE ROUGHNESS.,2018-06-19,"PERFORMED MX FLIGHT, OPS CK GOOD. FOUND ENGINE OPERATING NORMAL. BRANDON KOBBERDAHL 3790667 CFI 6/19.",c_24,engine run rough rough running misfire
1174533,2018-06-19 11:00:00,2018-06-21 00:00:00,N653ND,6620.799999999999,7200.0,ENGINE RAN ROUGH ON LAST FLIGHT PILOT REPORTS ENGINE OVERSPEED,2018-06-19,"RAN ENGINE, UNABLE TO DUPLICATE ENGINE ROUGHNESS.",c_24,engine run rough rough running misfire
1175822,2018-08-08 06:12:00,2018-08-10 00:00:00,N569ND,11949.8,7310.0,ENGINE RUNS ROUGH CYL #4 COOLER THAN OTHERS. FUEL CONTROL ERRATIC,2018-08-09,"PERFORMED ENGINE RUN-UP, MAG CHECK, AIR/FUEL MIXTURE CHECK. FOUND ERRATIC MIXTURE FROM FUEL CONTROL DEPENDANT ON THROTTLE POSITION. IN 0-25% RANGE VERY SLIGHT MOVEMENT OF THROTTLE SHAFT RESULTS IN EXCESSIVE AIR/FUEL MIXTURE VARIATION & ROUGH RUNNING (CONT",c_24,engine run rough rough running misfire
1176213,2018-08-23 08:33:00,2018-08-23 00:00:00,N608ND,13929.3,7410.0,RIGHT MAGNETO DURING RUNUP DROPPED 210 RPM AND HAD A VERY BAD VIBRATION. I RAN THE FOULED PLUG CHECKLIST AND HAD THE SAME RESULTS,2018-08-23,PERFORMED RUN-UP AND FOUND MISFIRE CYLINDER 2 ON RIGHT MAGNETO.,c_24,engine run rough rough running misfire
1177170,2018-09-21 13:50:00,2018-09-21 11:32:00,N529ND,11805.0,580.0,MX FLIGHT REQUESTED FOR ENGINE ROUGH IN FLIGHT.,2018-09-21,"PERFORMED MAINTENANCE FLIGHT, ENGINE OPERATION CK'ED GOOD. JOSHUA OLSON 3827231 CFI 3/20.",c_24,engine run rough rough running misfire
1177751,2018-10-14 10:09:00,2018-10-23 14:09:00,N548ND,14266.1,7200.0,SEVERE ENGINE ROUGHNESS.,2018-10-14,"RAN UP A/C, PERFORMED MAG CK: L/H 100 RPM DROP, R/H 100 RPM DROP. 20 RPM MIXTURE RISE ON SHUT DOWN. OPS CK GOOD.",c_24,engine run rough rough running misfire
1177953,2018-10-19 07:03:00,2018-10-19 11:01:00,N705ND,1248.9,580.0,MX FLIGHT REQUIRED FOR ENGINE ROUGHNESS.,2018-10-19,"MX FLIGHT REVEALED NO DEFECTS, OPS CK GOOD. MARK KUDRYAVTSEV 3813092 CFI 8/20.",c_24,engine run rough rough running misfire
1178076,2018-10-23 06:56:00,2018-10-23 15:27:00,N562ND,11827.5,580.0,MX FLIGHT REQUIRED FOR ENGINE MISFIRE FOR APPROX 5 SECONDS.,2018-10-23,"PERFORMED MX FLIGHT, OPS CK GOOD ON ENGINE. WADE BALTAZAR 3813904 CFI 7/20.",c_24,engine run rough rough running misfire
